mBank S.A. Bankowość Detaliczna;
		Skrytka Pocztowa 2108;
		90-959 Łódź 2;
		www.mBank.pl;
		mLinia: 801 300 800;
		+48 (42) 6 300 800;
		

#Klient;
DARIUSZ KULIG;

Lista operacji;

#Za okres:;
01.01.2026;31.01.2026;

#zgodnie z wybranymi filtrami wyszukiwania;
      #dla rachunków:;
      mKonto Intensive - 56114020040000350275831026;
      Aleksander Kulig - 25114020040000320286246136;
      MASTERCARD STANDARD - 5396********4455;
      WORLD MASTERCARD INTENSIVE - 5272********4049;
      
      #Lista nie jest dokumentem w rozumieniu art. 7 Ustawy Prawo Bankowe (Dz. U. Nr 140 z 1997 roku, poz.939 z późniejszymi zmianami), ponieważ operacje można samodzielnie edytować.;
      
      #Waluta;#Wpływy;#Wydatki;
PLN;44 914,06;-216 460,96;
      
#Data operacji;#Opis operacji;#Rachunek;#Kategoria;#Kwota;
2026-01-31;"Orlen  ZAKUP PRZY UŻYCIU KARTY - INTERNET                                                  ";"mKonto Intensive 5611 ... 1026";"Paliwo";-135,76 PLN;;
2026-01-31;"Circle K  ZAKUP PRZY UŻYCIU KARTY W KRAJU                                                     ";"WORLD MASTERCARD INTENSIVE 5272********4049";"Paliwo";-106,62 PLN;;
2026-01-31;"Moya  ZAKUP PRZY UŻYCIU KARTY W KRAJU                                                     ";"WORLD MASTERCARD INTENSIVE 5272********4049";"Paliwo";-34,99 PLN;;
2026-01-31;"JOANNA WILIŃSKA ., 27.01  .                                                                      BLIK P2P-WYCHODZĄCY                                                               84102011850000420200247080  ";"mKonto Intensive 5611 ... 1026";"Bez kategorii";-70,00 PLN;;
2026-01-31;"PRZELEW EXPRESS ELIXIR WYCH.  KATARZYNA RYCHLIK                                                     .                                                                      PRZELEW EXPRESS ELIXIR WYCH.                                                      62102011850000480204232039  ";"mKonto Intensive 5611 ... 1026";"Płatności - inne";-9 000,00 PLN;;
2026-01-31;"KATARZYNA RYCHLIK, PRZELEW ŚRODKÓW  UL.RYBAŁTÓW 12 M.24                02-886 WARSZAWA                     PRZELEW WEWNĘTRZNY PRZYCHODZĄCY                                                   96114020040000310286342877  ";"mKonto Intensive 5611 ... 1026";"Wpływy - inne";2 000,00 PLN;;
2026-01-30;"Biedronka  ZAKUP PRZY UŻYCIU KARTY W KRAJU                                                     ";"WORLD MASTERCARD INTENSIVE 5272********4049";"Żywność i chemia domowa";-138,28 PLN;;
2026-01-30;"PUTKA WAWOZOWA 36 P.69  ZAKUP PRZY UŻYCIU KARTY W KRAJU                                                     ";"WORLD MASTERCARD INTENSIVE 5272********4049";"Żywność i chemia domowa";-45,00 PLN;;
2026-01-30;"LIDL  ZAKUP PRZY UŻYCIU KARTY W KRAJU                                                     ";"WORLD MASTERCARD INTENSIVE 5272********4049";"Żywność i chemia domowa";-75,44 PLN;;
2026-01-30;"DECATHLON WARSZAWA W 0  ZAKUP PRZY UŻYCIU KARTY W KRAJU                                                     ";"WORLD MASTERCARD INTENSIVE 5272********4049";"Sport i hobby ";-159,98 PLN;;
2026-01-30;"ANNA KULIG, ABONAMENT 20.01.2026-19.02.2026  UL.KLONOWA 4 M.1                   05-540 JEZIÓRKO                     PRZELEW WEWNĘTRZNY PRZYCHODZĄCY                                                   57114020040000320277225239  ";"mKonto Intensive 5611 ... 1026";"Wpływy - inne";69,80 PLN;;
2026-01-30;"DOM DEVELOPMENT SPÓŁKA AKCYJNA PL PIŁSUDSKIEGO 3 00-078 WARSZAWA, Zwrot nadpłaty (MF119)  DOM DEVELOPMENT SPÓŁKA AKCYJNA     PL PIŁSUDSKIEGO 3                  00-078    WARSZAWA                                                     PRZELEW ZEWNĘTRZNY PRZYCHODZĄCY                                                   15116022020000000589371273  ";"mKonto Intensive 5611 ... 1026";"Wpływy - inne";1 542,45 PLN;;
2026-01-30;"SARA TOŚKOWO ., PRZELEW ŚRODKÓW  .                                                                      BLIK P2P-WYCHODZĄCY                                                               88116022020000000352076337  ";"mKonto Intensive 5611 ... 1026";"Bez kategorii";-180,00 PLN;;
2026-01-30;"AGNIESZKA RYCHLIK, PRZELEW ŚRODKÓW  AL.ALEJA KRAKOWSKA 291 M.101       02-133 WARSZAWA                     PRZELEW WEWNĘTRZNY PRZYCHODZĄCY                                                   81114020040000310236597279  ";"mKonto Intensive 5611 ... 1026";"Wpływy - inne";25,00 PLN;;
2026-01-29;"Żabka  ZAKUP PRZY UŻYCIU KARTY W KRAJU                                                     ";"WORLD MASTERCARD INTENSIVE 5272********4049";"Żywność i chemia domowa";-16,50 PLN;;
2026-01-28;"Orlen  ZAKUP PRZY UŻYCIU KARTY - INTERNET                                                  ";"mKonto Intensive 5611 ... 1026";"Paliwo";-114,16 PLN;;
2026-01-28;"Orlen  ZAKUP PRZY UŻYCIU KARTY - INTERNET                                                  ";"mKonto Intensive 5611 ... 1026";"Paliwo";-31,53 PLN;;
2026-01-28;"Orlen  ZAKUP PRZY UŻYCIU KARTY - INTERNET                                                  ";"mKonto Intensive 5611 ... 1026";"Paliwo";-25,64 PLN;;
2026-01-28;"Allegro  ZAKUP PRZY UŻYCIU KARTY - INTERNET                                                  ";"WORLD MASTERCARD INTENSIVE 5272********4049";"Osobiste - inne";-79,99 PLN;;
2026-01-28;"CARREFOUR EXPRESS  ZAKUP PRZY UŻYCIU KARTY W KRAJU                                                     ";"WORLD MASTERCARD INTENSIVE 5272********4049";"Żywność i chemia domowa";-10,19 PLN;;
2026-01-28;"SQUASHCITY Sp. z o.o.  ZAKUP PRZY UŻYCIU KARTY W KRAJU                                                     ";"WORLD MASTERCARD INTENSIVE 5272********4049";"Sport i hobby ";-45,00 PLN;;
2026-01-28;"PELNYBRZUSZEK.OBIADO.PL                                                                         BLIK ZAKUP E-COMMERCE                                                               ";"mKonto Intensive 5611 ... 1026";"Wyjścia i wydarzenia";-421,00 PLN;;
2026-01-28;"PRZELEW EXPRESS ELIXIR PRZYCH.  EMILIA A KIRYK OSIEDLOWA 47U/2 05-500 JÓZEFOSŁAW                      .                                                                      PRZELEW EXPRESS ELIXIR PRZYCH.                                                    63109010560000000156020986  ";"mKonto Intensive 5611 ... 1026";"Wpływy - inne";1 882,12 PLN;;
2026-01-27;"LOKAL BAKE AND CAKE  ZAKUP PRZY UŻYCIU KARTY W KRAJU                                                     ";"WORLD MASTERCARD INTENSIVE 5272********4049";"Jedzenie poza domem";-11,20 PLN;;
2026-01-27;"PUTKA WAWOZOWA 36 P.69  ZAKUP PRZY UŻYCIU KARTY W KRAJU                                                     ";"WORLD MASTERCARD INTENSIVE 5272********4049";"Żywność i chemia domowa";-14,40 PLN;;
2026-01-27;"LIDL  ZAKUP PRZY UŻYCIU KARTY W KRAJU                                                     ";"WORLD MASTERCARD INTENSIVE 5272********4049";"Żywność i chemia domowa";-295,88 PLN;;
2026-01-24;"Galeria Zielona  WYPŁATA GOTÓWKI W BANKOMACIE EURONETU                                               ";"mKonto Intensive 5611 ... 1026";"Wypłata gotówki";-350,00 PLN;;
2026-01-24;"RYLKO GALERIA ZIELONA  ZAKUP PRZY UŻYCIU KARTY W KRAJU                                                     ";"WORLD MASTERCARD INTENSIVE 5272********4049";"Odzież i obuwie";-349,98 PLN;;
2026-01-24;"KAWIARNIA SARZYNSKI  ZAKUP PRZY UŻYCIU KARTY W KRAJU                                                     ";"WORLD MASTERCARD INTENSIVE 5272********4049";"Wyjścia i wydarzenia";-40,00 PLN;;
2026-01-24;"Groszek  ZAKUP PRZY UŻYCIU KARTY W KRAJU                                                     ";"WORLD MASTERCARD INTENSIVE 5272********4049";"Żywność i chemia domowa";-15,13 PLN;;
2026-01-23;"LEGION SERWIS  ZAKUP PRZY UŻYCIU KARTY W KRAJU                                                     ";"WORLD MASTERCARD INTENSIVE 5272********4049";"Sport i hobby ";-145,00 PLN;;
2026-01-22;"Allegro  ZAKUP PRZY UŻYCIU KARTY - INTERNET                                                  ";"mKonto Intensive 5611 ... 1026";"Osobiste - inne";-55,44 PLN;;
2026-01-22;"LIDL  ZAKUP PRZY UŻYCIU KARTY W KRAJU                                                     ";"WORLD MASTERCARD INTENSIVE 5272********4049";"Żywność i chemia domowa";-249,20 PLN;;
2026-01-22;"WALDEK KOBUS ., LIGA 22.01  .                                                                      BLIK P2P-WYCHODZĄCY                                                               63102049000000880235149632  ";"mKonto Intensive 5611 ... 1026";"Bez kategorii";-45,00 PLN;;
2026-01-21;"Revolut**4741*  ZAKUP PRZY UŻYCIU KARTY - INTERNET                                                  ";"mKonto Intensive 5611 ... 1026";"Opłaty i odsetki";-40 000,00 PLN;;
2026-01-21;"JUSTYNA NAUMOWICZ UL. MICKIEWICZA 2 M.1 19-500 GOŁDAP, CZYNSZ STYCZEŃ I LUTY + PRĄD  JUSTYNA  NAUMOWICZ                 UL. MICKIEWICZA 2  M.1             19-500 GOŁDAP                                                          PRZELEW ZEWNĘTRZNY PRZYCHODZĄCY                                                   27102047240000360200504282  ";"mKonto Intensive 5611 ... 1026";"Wpływy - inne";1 315,52 PLN;;
2026-01-21;"DARIUSZ KULIG, PRZELEW  UL.RYBAŁTÓW 12 M.24                02-886 WARSZAWA                     PRZELEW WEWNĘTRZNY PRZYCHODZĄCY                                                   93114020040000300283127527  ";"mKonto Intensive 5611 ... 1026";"Wpływy - inne";33 454,50 PLN;;
2026-01-20;"UWAGA PIWO KEN  ZAKUP PRZY UŻYCIU KARTY W KRAJU                                                     ";"WORLD MASTERCARD INTENSIVE 5272********4049";"Wyjścia i wydarzenia";-42,00 PLN;;
2026-01-20;"UWAGA PIWO KEN  ZAKUP PRZY UŻYCIU KARTY W KRAJU                                                     ";"WORLD MASTERCARD INTENSIVE 5272********4049";"Wyjścia i wydarzenia";-46,00 PLN;;
2026-01-20;"DR. PIWO  ZAKUP PRZY UŻYCIU KARTY W KRAJU                                                     ";"WORLD MASTERCARD INTENSIVE 5272********4049";"Alkohol";-36,00 PLN;;
2026-01-20;"DARIUSZ KULIG, NA PIT I ZUS  UL.RYBAŁTÓW 12 M.24                02-886 WARSZAWA                     PRZELEW WŁASNY                                                                    93114020040000300283127527  ";"mKonto Intensive 5611 ... 1026";"Przelew własny";-5 151,97 PLN;;
2026-01-20;"PIOTR JANICKI ., PRZELEW ŚRODKÓW  .                                                                      BLIK P2P-WYCHODZĄCY                                                               48124043571111001063550590  ";"mKonto Intensive 5611 ... 1026";"Bez kategorii";-200,00 PLN;;
2026-01-19;"Allegro  ZAKUP PRZY UŻYCIU KARTY - INTERNET                                                  ";"WORLD MASTERCARD INTENSIVE 5272********4049";"Osobiste - inne";-172,80 PLN;;
2026-01-19;"LIDL  ZAKUP PRZY UŻYCIU KARTY W KRAJU                                                     ";"WORLD MASTERCARD INTENSIVE 5272********4049";"Żywność i chemia domowa";-219,63 PLN;;
2026-01-19;"Player.pl  PLAYER.PLAYMORE.PL                                                                                                                           BLIK ZAKUP E-COMMERCE                                                               ";"mKonto Intensive 5611 ... 1026";"TV, internet, telefon";-60,00 PLN;;
2026-01-19;"WITOLD JERZY STRUŻYŃSKI UL. WIKTORSKA 31 M.40 02-587 WARSZAWA, MIEJSCE PARKINGOWE NR11 UL NAROŻNA  WITOLD JERZY STRUŻYŃSKI            UL. WIKTORSKA 31  M.40             02-587 WARSZAWA                                                        PRZELEW ZEWNĘTRZNY PRZYCHODZĄCY                                                   55102011690000820201798537  ";"mKonto Intensive 5611 ... 1026";"Wpływy - inne";186,00 PLN;;
2026-01-18;"RIDESTORE  ZAKUP PRZY UŻYCIU KARTY - INTERNET                                                  ";"WORLD MASTERCARD INTENSIVE 5272********4049";"Sport i hobby ";-149,00 PLN;;
2026-01-18;"Allegro  ZAKUP PRZY UŻYCIU KARTY - INTERNET                                                  ";"WORLD MASTERCARD INTENSIVE 5272********4049";"Osobiste - inne";-101,74 PLN;;
2026-01-18;"MYBASIC.PL                                                                         BLIK ZAKUP E-COMMERCE                                                               ";"mKonto Intensive 5611 ... 1026";"Odzież i obuwie";-92,98 PLN;;
2026-01-17;"OBI  ZAKUP PRZY UŻYCIU KARTY W KRAJU                                                     ";"WORLD MASTERCARD INTENSIVE 5272********4049";"Akcesoria i wyposażenie ";-245,58 PLN;;
2026-01-17;"DECATHLON PIASECZNO 01  ZAKUP PRZY UŻYCIU KARTY W KRAJU                                                     ";"WORLD MASTERCARD INTENSIVE 5272********4049";"Sport i hobby ";-95,48 PLN;;
2026-01-17;"PIRAT SP. Z O.O.  ZAKUP PRZY UŻYCIU KARTY W KRAJU                                                     ";"WORLD MASTERCARD INTENSIVE 5272********4049";"Wyjścia i wydarzenia";-10,50 PLN;;
2026-01-15;"LIDL  ZAKUP PRZY UŻYCIU KARTY W KRAJU                                                     ";"WORLD MASTERCARD INTENSIVE 5272********4049";"Żywność i chemia domowa";-462,11 PLN;;
2026-01-15;"HTTPS://OUTOFTHEBOX.PL/                                                                         BLIK ZAKUP E-COMMERCE                                                               ";"mKonto Intensive 5611 ... 1026";"Osobiste - inne";-18,99 PLN;;
2026-01-15;"JOANNA WILIŃSKA, 13 STYCZNIA  .                                                                      PRZELEW ZEWNĘTRZNY WYCHODZĄCY                                                     84102011850000420200247080  ";"mKonto Intensive 5611 ... 1026";"Bez kategorii";-70,00 PLN;;
2026-01-15;"APREEL, ZWROT ZA MEDICOVER                                                                         PRZELEW ZEWNĘTRZNY WYCHODZĄCY                                                     69249000050000452081052462  ";"mKonto Intensive 5611 ... 1026";"Zdrowie i uroda";-297,00 PLN;;
2026-01-14;"CARREFOUR EXPRESS  ZAKUP PRZY UŻYCIU KARTY W KRAJU                                                     ";"WORLD MASTERCARD INTENSIVE 5272********4049";"Żywność i chemia domowa";-5,19 PLN;;
2026-01-14;"SQUASHCITY Sp. z o.o.  ZAKUP PRZY UŻYCIU KARTY W KRAJU                                                     ";"WORLD MASTERCARD INTENSIVE 5272********4049";"Sport i hobby ";-45,00 PLN;;
2026-01-14;"SQUASHCITY Sp. z o.o.  ZAKUP PRZY UŻYCIU KARTY W KRAJU                                                     ";"WORLD MASTERCARD INTENSIVE 5272********4049";"Sport i hobby ";-5,00 PLN;;
2026-01-14;"Amazon  ZAKUP PRZY UŻYCIU KARTY - INTERNET                                                  ";"WORLD MASTERCARD INTENSIVE 5272********4049";"Żywność i chemia domowa";-39,99 PLN;;
2026-01-14;"UBER.COM                                                                         BLIK KOR. ZAKUPU E-COMMERCE                                                         ";"mKonto Intensive 5611 ... 1026";"Wpływy - inne";26,94 PLN;;
2026-01-14;"UBER.COM                                                                         BLIK ZAKUP E-COMMERCE                                                               ";"mKonto Intensive 5611 ... 1026";"Przejazdy";-26,94 PLN;;
2026-01-14;"Łukasz Cekała ., Przelew na telefon1  .                                                                      BLIK P2P-PRZYCHODZĄCY                                                             74249000050000400059948007  ";"mKonto Intensive 5611 ... 1026";"Wpływy - inne";200,00 PLN;;
2026-01-14;"Łukasz Cekała ., Przelew na telefon  .                                                                      BLIK P2P-PRZYCHODZĄCY                                                             74249000050000400059948007  ";"mKonto Intensive 5611 ... 1026";"Wpływy - inne";200,00 PLN;;
2026-01-14;"SKŁADKA UB. NNW DLA DZIECKA  UNIQA TU S.A.                                                         00867 Warszawa, Chłodna 51                                             SKŁADKA UB. NNW DLA DZIECKA                                                       80114020040000360277528045  ";"mKonto Intensive 5611 ... 1026";"Bez kategorii";-14,00 PLN;;
2026-01-14;"SKŁADKA UB. NNW DLA PARTNERA  UNIQA TU S.A.                                                         00867 Warszawa, Chłodna 51                                             SKŁADKA UB. NNW DLA PARTNERA                                                      80114020040000360277528045  ";"mKonto Intensive 5611 ... 1026";"Bez kategorii";-25,00 PLN;;
2026-01-14;"SKŁADKA UB. NNW DLA CIEBIE  UNIQA TU S.A.                                                         00867 Warszawa, Chłodna 51                                             SKŁADKA UB. NNW DLA CIEBIE                                                        80114020040000360277528045  ";"mKonto Intensive 5611 ... 1026";"Bez kategorii";-25,00 PLN;;
2026-01-14;"SKŁADKA UB. NA WYPADEK NOWOTWORU  UNIQA TU S.A.                                                         00867 Warszawa, Chłodna 51                                             SKŁADKA UB. NA WYPADEK NOWOTWORU                                                  80114020040000360277528045  ";"mKonto Intensive 5611 ... 1026";"Bez kategorii";-15,40 PLN;;
2026-01-14;"SKŁADKA UB. NA ŻYCIE  UNIQA TUnŻ S.A.                                                       00867 Warszawa, Chłodna 51                                             SKŁADKA UB. NA ŻYCIE                                                              80114020040000360277528045  ";"mKonto Intensive 5611 ... 1026";"Bez kategorii";-37,10 PLN;;
2026-01-13;"Amazon  ZAKUP PRZY UŻYCIU KARTY - INTERNET                                                  ";"WORLD MASTERCARD INTENSIVE 5272********4049";"Odzież i obuwie";-108,99 PLN;;
2026-01-13;"Żabka  ZAKUP PRZY UŻYCIU KARTY W KRAJU                                                     ";"WORLD MASTERCARD INTENSIVE 5272********4049";"Żywność i chemia domowa";-11,49 PLN;;
2026-01-13;"Gofry Ireny  ZAKUP PRZY UŻYCIU KARTY W KRAJU                                                     ";"WORLD MASTERCARD INTENSIVE 5272********4049";"Wyjścia i wydarzenia";-56,50 PLN;;
2026-01-12;"PUTKA WAWOZOWA 36 P.69  ZAKUP PRZY UŻYCIU KARTY W KRAJU                                                     ";"mKonto Intensive 5611 ... 1026";"Żywność i chemia domowa";-7,60 PLN;;
2026-01-12;"LIDL  ZAKUP PRZY UŻYCIU KARTY W KRAJU                                                     ";"WORLD MASTERCARD INTENSIVE 5272********4049";"Żywność i chemia domowa";-106,42 PLN;;
2026-01-12;"POLPO  ZAKUP PRZY UŻYCIU KARTY W KRAJU                                                     ";"WORLD MASTERCARD INTENSIVE 5272********4049";"Wyjścia i wydarzenia";-148,00 PLN;;
2026-01-12;"ANNA KULIG, ABONAMENT 20.12.2025-19.01.2026  UL.KLONOWA 4 M.1                   05-540 JEZIÓRKO                     PRZELEW WEWNĘTRZNY PRZYCHODZĄCY                                                   57114020040000320277225239  ";"mKonto Intensive 5611 ... 1026";"Wpływy - inne";50,00 PLN;;
2026-01-11;"Allegro  ZAKUP PRZY UŻYCIU KARTY - INTERNET                                                  ";"WORLD MASTERCARD INTENSIVE 5272********4049";"Osobiste - inne";-46,74 PLN;;
2026-01-11;"Allegro  ZAKUP PRZY UŻYCIU KARTY - INTERNET                                                  ";"WORLD MASTERCARD INTENSIVE 5272********4049";"Osobiste - inne";-21,74 PLN;;
2026-01-10;"onepress.pl  ZAKUP PRZY UŻYCIU KARTY - INTERNET                                                  ";"WORLD MASTERCARD INTENSIVE 5272********4049";"Multimedia, książki i prasa";-39,00 PLN;;
2026-01-10;"Zalando  WWW.ZALANDO.PL                                                                                                                               BLIK ZAKUP E-COMMERCE                                                               ";"mKonto Intensive 5611 ... 1026";"Odzież i obuwie";-99,00 PLN;;
2026-01-09;"ZUS Centrum Obsługi Świadczeń dla Rodzin ul. Młynowa 29 15-404 Białystok, Świadczenie ZUS 010000C260112TSW/1015408854 Św. wychowawcze KULIG DARIUSZ  ul. Młynowa 29                     15-404 Białystok                    PRZELEW ZEWNĘTRZNY PRZYCHODZĄCY                                                   82102056040000010289963017  ";"mKonto Intensive 5611 ... 1026";"Wpływy - inne";800,00 PLN;;
2026-01-08;"PIEKARNIA K. I A. CI 4  ZAKUP PRZY UŻYCIU KARTY W KRAJU                                                     ";"WORLD MASTERCARD INTENSIVE 5272********4049";"Jedzenie poza domem";-7,95 PLN;;
2026-01-08;"APTEKA  ZAKUP PRZY UŻYCIU KARTY W KRAJU                                                     ";"WORLD MASTERCARD INTENSIVE 5272********4049";"Zdrowie i uroda";-16,60 PLN;;
2026-01-08;"BLIK P2P-WYCHODZĄCY  PERCZI                                                                                                                                       BLIK P2P-WYCHODZĄCY                                                               13114020040000390275332539  ";"mKonto Intensive 5611 ... 1026";"Bez kategorii";-40,00 PLN;;
2026-01-07;"SQUASHCITY Sp. z o.o.  ZAKUP PRZY UŻYCIU KARTY W KRAJU                                                     ";"WORLD MASTERCARD INTENSIVE 5272********4049";"Sport i hobby ";-45,00 PLN;;
2026-01-07;"PELNYBRZUSZEK.OBIADO.PL                                                                         BLIK ZAKUP E-COMMERCE                                                               ";"mKonto Intensive 5611 ... 1026";"Wyjścia i wydarzenia";-421,00 PLN;;
2026-01-07;"JOANNA WILIŃSKA ., 6 STYCZNIA  .                                                                      BLIK P2P-WYCHODZĄCY                                                               84102011850000420200247080  ";"mKonto Intensive 5611 ... 1026";"Bez kategorii";-70,00 PLN;;
2026-01-05;"CPG WARSZAWA P4  ZAKUP PRZY UŻYCIU KARTY W KRAJU                                                     ";"MASTERCARD STANDARD 5396********4455";"Parking i opłaty";-15,00 PLN;;
2026-01-05;"LOULAB SP.Z O.O.  ZAKUP PRZY UŻYCIU KARTY W KRAJU                                                     ";"MASTERCARD STANDARD 5396********4455";"Wyjścia i wydarzenia";-8,00 PLN;;
2026-01-05;"LOULAB SP.Z O.O.  ZAKUP PRZY UŻYCIU KARTY W KRAJU                                                     ";"MASTERCARD STANDARD 5396********4455";"Wyjścia i wydarzenia";-15,00 PLN;;
2026-01-05;"LIDL  ZAKUP PRZY UŻYCIU KARTY W KRAJU                                                     ";"WORLD MASTERCARD INTENSIVE 5272********4049";"Żywność i chemia domowa";-234,28 PLN;;
2026-01-05;"RĘCZNA SPŁATA KARTY KREDYT.                ";"mKonto Intensive 5611 ... 1026";"Spłata karty kredytowej";-3 110,33 PLN;;
2026-01-05;"SPŁATA - PRZELEW WEWNĘTRZNY - DZIĘKUJEMY                ";"MASTERCARD STANDARD 5396********4455";"Spłata karty kredytowej";3 110,33 PLN;;
2026-01-05;"OPŁATA ZA WYDANIE KARTY                ";"WORLD MASTERCARD INTENSIVE 5272********4049";"Opłaty i odsetki";-50,00 PLN;;
2026-01-05;"TOŚKOWO PUNKT OPIEKI URSZULA SOBIERAJ-PONICHTERA, OPŁATA ZA ŻŁOBEK - ABONAMENT GRUDZIEŃ (FULL) - FAKTURA FR 1/01/2026                                                                         PRZELEW ZEWNĘTRZNY WYCHODZĄCY                                                     45109018700000000162766856  ";"mKonto Intensive 5611 ... 1026";"Przedszkole i opiekunka";-1 200,00 PLN;;
2026-01-05;"HTTPS://BILETY.LUMOROZWOJ                                                                         BLIK ZAKUP E-COMMERCE                                                               ";"mKonto Intensive 5611 ... 1026";"Podróże i wyjazdy";-68,00 PLN;;
2026-01-03;"McDonald's  ZAKUP PRZY UŻYCIU KARTY W KRAJU                                                     ";"MASTERCARD STANDARD 5396********4455";"Jedzenie poza domem";-10,00 PLN;;
2026-01-03;"McDonald's  ZAKUP PRZY UŻYCIU KARTY W KRAJU                                                     ";"MASTERCARD STANDARD 5396********4455";"Jedzenie poza domem";-92,20 PLN;;
2026-01-03;"Orlen  ZAKUP PRZY UŻYCIU KARTY W KRAJU                                                     ";"MASTERCARD STANDARD 5396********4455";"Paliwo";-169,22 PLN;;
2026-01-03;"KCRiS - plywalnia1  ZAKUP PRZY UŻYCIU KARTY W KRAJU                                                     ";"MASTERCARD STANDARD 5396********4455";"Sport i hobby ";-25,20 PLN;;
2026-01-03;"Revolut**4741*  ZAKUP PRZY UŻYCIU KARTY - INTERNET                                                  ";"mKonto Intensive 5611 ... 1026";"Opłaty i odsetki";-70 000,00 PLN;;
2026-01-02;"Revolut**4741*  ZAKUP PRZY UŻYCIU KARTY - INTERNET                                                  ";"mKonto Intensive 5611 ... 1026";"Opłaty i odsetki";-80 000,00 PLN;;
2026-01-02;"DINO GORA PULAWSKA 1 K  ZAKUP PRZY UŻYCIU KARTY W KRAJU                                                     ";"MASTERCARD STANDARD 5396********4455";"Żywność i chemia domowa";-198,00 PLN;;
2026-01-02;"KOSMICZNA PLANETA OSKA  ZAKUP PRZY UŻYCIU KARTY W KRAJU                                                     ";"MASTERCARD STANDARD 5396********4455";"Wyjścia i wydarzenia";-43,00 PLN;;
2026-01-02;"KULIG DARIUSZ ul. RYBAŁTÓW 12/24 02-886 WARSZAWA, Przelew środków  KULIG DARIUSZ                      ul. RYBAŁTÓW 12/24 02-886 WARSZAWA                                                                        PRZELEW ZEWNĘTRZNY PRZYCHODZĄCY                                                   19156000132028953440000001  ";"mKonto Intensive 5611 ... 1026";"Wpływy - inne";31,40 PLN;;
2026-01-01;"JAKUB JĘDRZEJCZAK, SQUASHE SWIATECZNE  UL.WĄWOZOWA 32 M.63                02-796 WARSZAWA                     PRZELEW WEWNĘTRZNY PRZYCHODZĄCY                                                   62114020040000350275872143  ";"mKonto Intensive 5611 ... 1026";"Wpływy - inne";20,00 PLN;;
2026-01-01;"Apple.com  ZAKUP PRZY UŻYCIU KARTY - INTERNET                                                  ";"MASTERCARD STANDARD 5396********4455";"Bez kategorii";-4,99 PLN;;


